use QLBENHVIEN
go

insert into Khoa values ('K01','Mat','Tang 1','Nguyen Van Tien')
insert into Khoa values ('K02','Tai-Mui-Hong','Tang 1','Tran Van Trong')
insert into Khoa values ('K03','Da lieu','Tang 2','Nguyen Van Binh')
insert into Khoa values ('K04','Ho Hap','Tang 2','Le Tien Long')
insert into Khoa values ('K05','Tieu Hoa','Tang 3','Tran Thu Ha')

insert into BacSy values ('BS01','11-11-1975','Nguyen Van Tien','Nam','09871234','21 Bach Mai',30000000,'K01','Mat')
insert into BacSy values ('BS02','11-10-1985','Nguyen Huong Linh','Nu','09871235','22 Hang Trong',20000000,'K01','Mat')
insert into BacSy values ('BS03','8-23-1970','Tran Van Trong','Nam','09871236','60 Pham Hung',31000000,'K02','Tai-Mui-Hong')
insert into BacSy values ('BS04','1-17-1979','Tran Binh Tien','Nam','09871237','221 Kham Thien',25000000,'K02','Tai-Mui-Hong')
insert into BacSy values ('BS05','11-10-1977','Nguyen Van Binh','Nu','09871238','123 Hang Buom',35000000,'K03','Da lieu')
insert into BacSy values ('BS06','9-23-1985','Le Hai Anh','Nu','09871239','60 Nguyen Trai',17000000,'K03','Da lieu')
insert into BacSy values ('BS07','1-17-1975','Le Tien Long','Nam','09871240','60 Pham Hung',33000000,'K04','Ho Hap')
insert into BacSy values ('BS08','5-10-1983','Ly Van','Nam','09871241','72 Pham Van Dong',19000000,'K04','Ho Hap')
insert into BacSy values ('BS09','8-23-1973','Tran Thu Ha','Nu','09871242','30 Ly By',32000000,'K05','Tieu Hoa')
insert into BacSy values ('BS10','8-23-1981','Tran Binh Long','Nam','09871243','100 Kim Ma',21000000,'K05','Tieu Hoa')

insert into Yta values('YT01','7-7-1989','Luong Yen Linh','Nu','01233210','300 Kim Dong',15000000)
insert into Yta values('YT02','9-27-1990','Do Van Nam','Nam','01233211','182 Kim Ma',16000000)
insert into Yta values('YT03','8-12-1988','Yen Thu','Nu','01233212','90 Cat Linh',14000000)
insert into Yta values('YT04','5-6-1990','Nguyen Linh Anh','Nu','01233213','300 Tran Binh Trong',15000000)
insert into Yta values('YT05','9-2-1991','Pham Yen Linh','Nu','01233214','300 Kham Thien',17000000)

insert into PhongKham values('P101','BS01','K01','Mat')
insert into PhongKham values('P102','BS03','K02','Tai-Mui-Hong')
insert into PhongKham values('P201','BS05','K03','Da lieu')
insert into PhongKham values('P202','BS07','K04','Ho Hap')
insert into PhongKham values('P301','BS09','K05','Tieu Hoa')

insert into BenhNhan values('BN01','1-1-2000','Nguyen Linh','Nu','09154430')
insert into BenhNhan values('BN02','5-30-1980','Le Duc Anh','Nam','09124431')
insert into BenhNhan values('BN03','7-2-2005','Le Van Anh','Nu','09244432')
insert into BenhNhan values('BN04','8-28-2006','Tran Van Long','Nam','09784433')
insert into BenhNhan values('BN05','10-12-1990','Ly Tuan Anh','Nam','09433534')
insert into BenhNhan values('BN06','11-12-1999','Vu Tran Khuong','Nam','09874442')
insert into BenhNhan values('BN07','4-2-2000','Le Yen Loan','Nu','09562233')
insert into BenhNhan values('BN08','5-1-2003','Nguyen Hoang An','Nam','09128712')
insert into BenhNhan values('BN09','7-3-1989','Van Tien','Nam','09812365')
insert into BenhNhan values('BN10','6-1-1988','Tran Chinh','Nu','09121232')

insert into BHYT values ('BN01','BH0001','Nguyen Linh')
insert into BHYT values ('BN02','BH0011','Le Duc Anh')
insert into BHYT values ('BN03','BH2001','Le Van Anh')
insert into BHYT values ('BN04','BH3201','Tran Van Long')
insert into BHYT values ('BN05','BH0701','Ly Tuan Anh')
insert into BHYT values ('BN06','BH8022','Vu Tran Khuong')
insert into BHYT values ('BN07','BH9021','Le Yen Loan')
insert into BHYT values ('BN08','BH1101','Nguyen Hoang An')
insert into BHYT values ('BN09','BH3003','Van Tien')
insert into BHYT values ('BN10','BH6071','Tran Chinh')

insert into DatLich values('DL001','BN01','1-1-2022','Da Dat')
insert into DatLich values('DL002','BN02','3-23-2022','Da Dat')
insert into DatLich values('DL003','BN03','7-8-2021','Da Dat')
insert into DatLich values('DL004','BN04','11-11-2022','Da Dat')
insert into DatLich values('DL005','BN05','10-8-2022','Da Dat')
insert into DatLich values('DL006','BN06','12-20-2020','Da Dat')
insert into DatLich values('DL007','BN07','10-21-2022','Da Dat')
insert into DatLich values('DL008','BN08','1-17-2022','Da Dat')
insert into DatLich values('DL009','BN09','5-20-2022','Da Dat')
insert into DatLich values('DL010','BN10','8-28-2022','Da Dat')

insert into KhamBenh values('KH001','BN01','P101','1-2-2022','Dau mat','Dau mat do','Khong','Khong')
insert into KhamBenh values('KH002','BN02','P101','3-27-2022','Mo mat','Duc thuy tinh the','Khong','Co')
insert into KhamBenh values('KH003','BN03','P102','7-9-2021','Dau hong','Viem hong cap','Khong','Khong')
insert into KhamBenh values('KH004','BN04','P102','11-12-2022','U tai','Viem tai','Khong','Khong')
insert into KhamBenh values('KH005','BN05','P201','10-10-2022','Noi man do,phat ban','Lupus ban do','Khong','Khong')
insert into KhamBenh values('KH006','BN06','P201','12-21-2020','Ngua toan than','Di ung','Khong','Khong')
insert into KhamBenh values('KH007','BN07','P202','10-22-2022','Dau tuc vung nguc','Viem phoi','Co','Co')
insert into KhamBenh values('KH008','BN08','P202','1-18-2022','Kho tho','Viem phoi','Co','Co')
insert into KhamBenh values('KH009','BN09','P301','5-21-2022','Day bung,buon non','Trao nguoc da day','Co','Khong')
insert into KhamBenh values('KH010','BN10','P301','8-29-2022','Dau bung du doi','Viem loet da day','Co','Co')

insert into XetNghiem values('XN01','KH007','BN07','Mau')
insert into XetNghiem values('XN02','KH007','BN07','X-quang')
insert into XetNghiem values('XN03','KH008','BN08','Mau')
insert into XetNghiem values('XN04','KH008','BN08','X-quang')
insert into XetNghiem values('XN05','KH009','BN09','Mau')
insert into XetNghiem values('XN06','KH009','BN09','Sieu am bung')
insert into XetNghiem values('XN07','KH010','BN10','Mau')
insert into XetNghiem values('XN08','KH010','BN10','Sieu am bung')

--Thuoc khoa mat
insert into ThongTinThuoc values('T001','Tobrex','Thuoc nho')
insert into ThongTinThuoc values('T002','Natri Clorid','Thuoc nho')
insert into ThongTinThuoc values('T003','Triconsa','Thuoc vien')
--Thuoc Tai-Mui-Hong
insert into ThongTinThuoc values('T004','Penicillin','Thuoc vien')
insert into ThongTinThuoc values('T005','Amoxicillin','Thuoc vien')
--thuoc viem hong
insert into ThongTinThuoc values('T006','Ciprofloxacin','Thuoc nho')
--thuoc nho tai 

--Thuoc Da lieu
insert into ThongTinThuoc values('T007','Subac','Thuoc boi')
insert into ThongTinThuoc values('T008','Ibuprofen','Thuoc boi')

--Thuoc Ho hap
insert into ThongTinThuoc values('T009','Ventolin','Thuoc vien')
insert into ThongTinThuoc values('T010','Proventil','Thuoc vien')

--Thuoc tieu hoa
insert into ThongTinThuoc values('T011','Novacurmin','Thuoc vien')
insert into ThongTinThuoc values('T012',' Yumangel','Thuoc uong')

insert into Kho values(1,'Kho1','T001')
insert into Kho values(2,'Kho1','T002')
insert into Kho values(3,'Kho1','T003')
insert into Kho values(4,'Kho1','T004')
insert into Kho values(5,'Kho1','T005')
insert into Kho values(6,'Kho1','T006')
insert into Kho values(7,'Kho2','T007')
insert into Kho values(8,'Kho2','T008')
insert into Kho values(9,'Kho2','T009')
insert into Kho values(10,'Kho2','T010')
insert into Kho values(11,'Kho2','T011')
insert into Kho values(12,'Kho2','T012')

insert into DonThuoc values('BN01','Don1','KH001','Tobrex','T001',1,'2 lan 1 ngay')
insert into DonThuoc values('BN01','Don2','KH001','Natri Clorid','T002',1,'2 lan 1 ngay')
insert into DonThuoc values('BN02','Don3','KH002','Triconsa','T003',20,'2 lan 1 ngay/1 vien')
insert into DonThuoc values('BN03','Don4','KH003','Penicillin','T004',30,'2 lan 1 ngay/1 vien')
insert into DonThuoc values('BN04','Don5','KH004','Ciprofloxacin','T006',1,'2 lan 1 ngay')
insert into DonThuoc values('BN05','Don6','KH005','Ibuprofen','T008',1,'2 lan 1 ngay')
insert into DonThuoc values('BN06','Don7','KH006','Subac','T007',1,'2 lan 1 ngay')
insert into DonThuoc values('BN07','Don8','KH007','Ventolin','T009',20,'2 lan 1 ngay/1 vien')
insert into DonThuoc values('BN08','Don9','KH008','Ventolin','T009',20,'2 lan 1 ngay/1 vien')
insert into DonThuoc values('BN09','Don10','KH009','Yumangel','T012',30,'2 lan 1 ngay')
insert into DonThuoc values('BN10','Don11','KH010','Novacurmin','T011',30,'2 lan 1 ngay/1 vien')

insert into PhongDieuTri values('P302','Tang 3','BS02','YT01',4)
insert into PhongDieuTri values('P401','Tang 4','BS04','YT02',4)
insert into PhongDieuTri values('P402','Tang 4','BS06','YT03',4)
insert into PhongDieuTri values('P501','Tang 5','BS08','YT04',4)
insert into PhongDieuTri values('P502','Tang 5','BS10','YT05',4)

insert into PhieuNhapVien values('Nhap01','BN02','KH002','3-27-2022',1000000,'P302','2')
insert into PhieuNhapVien values('Nhap02','BN07','KH007','10-22-2022',1000000,'P501','2')
insert into PhieuNhapVien values('Nhap03','BN08','KH008','1-18-2022',1000000,'P501','3')
insert into PhieuNhapVien values('Nhap04','BN10','KH010','8-29-2022',1000000,'P502','1')

insert into PhieuXuatVien values('Nhap01','Xuatv01','BN02','4-4-2022',5000000)
insert into PhieuXuatVien values('Nhap02','Xuatv02','BN07','10-29-2022',3000000)
insert into PhieuXuatVien values('Nhap03','Xuatv03','BN08','1-25-2022',4000000)
insert into PhieuXuatVien values('Nhap04','Xuatv04','BN10','9-3-2022',6000000)

